{
  "project_info": {
    "project_number": "502346183787",
    "firebase_url": "https://longxuongblog.firebaseio.com",
    "project_id": "longxuongblog",
    "storage_bucket": "longxuongblog.appspot.com"
  },
  "client": [
    {
      "client_info": {
        "mobilesdk_app_id": "1:502346183787:android:2be6f8b570afc9c5",
        "android_client_info": {
          "package_name": "com.example.administrator.simpeblog"
        }
      },
      "oauth_client": [
        {
          "client_id": "502346183787-vp5krfe5ci8ksa5fvhmsq6bf3gtfhnn1.apps.googleusercontent.com",
          "client_type": 1,
          "android_info": {
            "package_name": "com.example.administrator.simpeblog",
            "certificate_hash": "6c224eb12705eed37b35e3f69d3d3ad3176535b9"
          }
        },
        {
          "client_id": "502346183787-ucbq4c8je411vh5ijgrsmljtmrsvm4nc.apps.googleusercontent.com",
          "client_type": 3
        }
      ],
      "api_key": [
        {
          "current_key": "AIzaSyD_XfyipODHjJOT4CqAYm9Q3C1SzGOwgWQ"
        }
      ],
      "services": {
        "analytics_service": {
          "status": 1
        },
        "appinvite_service": {
          "status": 2,
          "other_platform_oauth_client": [
            {
              "client_id": "502346183787-ucbq4c8je411vh5ijgrsmljtmrsvm4nc.apps.googleusercontent.com",
              "client_type": 3
            }
          ]
        },
        "ads_service": {
          "status": 2
        }
      }
    }
  ],
  "configuration_version": "1"
}